ID,Nom,Email,"Date d'inscription"
1,f4VF290tVb,CItATN2cUZ@gmail.com,"2023-04-30 22:00:22"
2,zH879YqdvR,HcLu5mxInS@gmail.com,"2023-04-30 22:01:14"
3,Sme34RdCgf,oydw246nAN@gmail.com,"2023-04-30 22:01:14"
4,Hk9woy47Nq,K8BotwmKv4@gmail.com,"2023-04-30 22:01:14"
5,T70QzpoaF3,7mcShUMp3u@gmail.com,"2023-04-30 22:01:14"
6,da0i8oyrco,FKSYgy8D3U@gmail.com,"2023-04-30 22:01:14"
7,msU9GGYv9t,3I6gMdPagD@gmail.com,"2023-04-30 22:01:14"
8,RRFnqbBamJ,gbh03nPV9u@gmail.com,"2023-04-30 22:01:14"
9,rU2VcHd9Ld,Wxiel7tM9d@gmail.com,"2023-04-30 22:01:14"
10,3mtPCoerGl,6cAvbxc0gF@gmail.com,"2023-04-30 22:01:14"
11,6ZNPBJ3Jil,I4vkxHk0B4@gmail.com,"2023-04-30 22:01:14"
13,08QM9smP3D,XKvJwoQMbf@gmail.com,"2023-04-30 22:01:14"
